{
  "product_name": "ComposeForDataLakes",
  "product_version": "9.9.9.371",
  "created_on": "02/13/2020 11:17:33",
  "objects": [
    {
      "id": 1,
      "path": "/",
      "name": "settings",
      "type": "ACProjectSettings",
      "creation_time": 0,
      "modification_time": 0,
      "inner_item": {
        "$type": "ACProjectSettings",
        "lowest_date": "1770-01-01",
        "highest_date": "9999-12-20",
        "unknown_date": "7777-07-07",
        "unknown_string": "Unknown",
        "map_name_prefix": "Map",
        "stop_after_staging": false,
        "use_datetime2": false,
        "unknown_guid": "00000000-0000-0000-0000-000000000000",
        "unknown_number": "0",
        "unknown_byte": "0",
        "dwh_key_name": "ID",
        "naming_conv": {
          "dwh_prefix": "storage_t_",
          "hub_suffix": "",
          "sat_suffix": "",
          "lnk_suffix": "_L",
          "dma_prefix": "TDMA_",
          "dwh_view_prefix": "viewww_",
          "replicate_change_table_suffix": "__ct",
          "error_mart_suffix": "__ex",
          "dma_view_prefix": "VDMA_",
          "ct_archive_suffix": "__ar",
          "current_view_name_suffix": "_currenttt",
          "column_prefix": "head__",
          "from_date_suffix": "f_date",
          "to_date_suffix": "t_date",
          "soft_delete_suffix": "deleteddd",
          "created_batch_suffix": "created_batch",
          "modified_batch_suffix": "modified_batch",
          "dropped_column_suffix": "__dropped",
          "control_table_prefix": "attcmps_",
          "provisioning_table_prefix": "provisioning_t_"
        },
        "create_ddl_scripts_only": false,
        "ignore_data_type_check": true,
        "write_tdwm_to_db": false,
        "hide_default_workflows": true,
        "exclude_to_date": true,
        "acid_transactions": false,
        "big_data_project_type": "HISTORICAL_DATASTORE_WITHOUT_ACID",
        "dwh_type": "HADOOPSPARK",
        "rno_ins": "RUNNO_INSERT",
        "rno_upd": "RUNNO_UPDATE",
        "soft_delete": true,
        "hard_delete": false,
        "user_var_list": {
          "usrvarlst": []
        },
        "uuid": "684be07a-7dac-4f5e-bf4a-ff7b2cb775df",
        "get_md_via_select_query": false,
        "defaults_base_location": {
          "hdfs_provisioning_defaults": {
            "root_location_path": "/tmp/rosie2/storage/provisioning",
            "hive_external_table": false
          },
          "s3_storage_provisioning_defaults": {
            "base_directory_path": "/s3_base",
            "bucket_path": "se_bucket",
            "hive_external_table": false
          },
          "azure_gen1_provisioning_defaults": {
            "base_directory_path": "/gen1",
            "adls_url": "gen1_url",
            "hive_external_table": false
          },
          "azure_gen2_provisioning_defaults": {
            "file_system_name": "gen2_filesys",
            "root_location_path": "/gen2_base",
            "storage_name": "/gen2_storage",
            "hive_external_table": false
          },
          "google_storage_provisioning_defaults": {
            "base_directory_path": "/google_base",
            "bucket_path": "google_bucket",
            "hive_external_table": false
          }
        },
        "name": "settings",
        "version": 637171180415000000,
        "metadata": {
          "creation_time": 636987797606570000,
          "modification_time": 637171180415000000,
          "tags": [],
          "caller_role": "NONE"
        }
      },
      "tags": [],
      "software_version": 3
    },
    {
      "id": 4,
      "path": "/",
      "name": "storage",
      "type": "Database",
      "creation_time": 0,
      "modification_time": 0,
      "inner_item": {
        "$type": "DatabaseDto",
        "usage": "DATA_WAREHOUSE",
        "dbms": "Apache Spark",
        "server_name": "compose-hdp-1.qa.int",
        "database_name": "spark_hdp-1",
        "user_name": "hadoop",
        "included_schemas": "rosie_storage_2",
        "templateDatabaseType": "HADOOPSPARK",
        "dma_schema": "rosie_storage_2",
        "original_sourcedb_id": 0,
        "has_source_definition": false,
        "landing_zone": {
          "landing_type": "DATABASE",
          "replicate_task_type": "FULL_LOAD_AND_CDC",
          "associate_with_replicate_task": false,
          "archive_settings": {
            "ct_post_processing": "DO_NOTHING"
          }
        },
        "display_name": "Apache Spark",
        "port": 10500,
        "db_settings": {
          "$type": "SparkDbSettings",
          "data_store": {
            "$type": "DataStoreHdfs",
            "root_location_path": "/tmp/rosie2/storage",
            "hive_external_table": false
          },
          "data_store_type": "HDFS",
          "use_buckets": false,
          "number_of_buckets": 0,
          "format": "PARQUET",
          "authentication_type": "USERNAME",
          "ssl_configuration": {
            "use_ssl": false,
            "allow_self_signed_certs": false
          },
          "is_glue_metadata": false
        },
        "multibyte_character_multiplier": 1,
        "apply_ddl_changes": false,
        "max_table_cols_single_read": 100,
        "uuid": "e21190da-58c8-48a1-b866-4a93922ff583",
        "use_long_object_names": false,
        "use_zoo_keeper": false,
        "zoo_keeper_namespace": "hiveserver2",
        "cache_only_the_discovered_tables": true,
        "full_connection_string": {
          "enabled": false
        },
        "id": 4,
        "name": "storage",
        "version": 637165881031590000,
        "metadata": {
          "creation_time": 636987798818700000,
          "modification_time": 637165881031590000,
          "tags": [],
          "caller_role": "NONE"
        }
      },
      "tags": [],
      "software_version": 5
    },
    {
      "id": 13,
      "path": "/",
      "name": "rosie_land_2",
      "type": "Database",
      "creation_time": 0,
      "modification_time": 0,
      "inner_item": {
        "$type": "DatabaseDto",
        "usage": "SOURCE",
        "server_name": "",
        "database_name": "",
        "included_schemas": "*",
        "templateDatabaseType": "HADOOPSPARK",
        "dma_schema": "*",
        "original_sourcedb_id": 0,
        "has_source_definition": false,
        "landing_zone": {
          "landing_type": "DATABASE",
          "schema_name": "rosie_landing_2",
          "replicate_task_type": "FULL_LOAD_AND_CDC",
          "replicate_task_name": "Hadoop_1",
          "associate_with_replicate_task": true,
          "replicate_server_name": "localhost",
          "archive_settings": {
            "$type": "SparkArchiveSettings",
            "archive_format": "ORC",
            "ct_post_processing": "DO_NOTHING"
          },
          "task_uuid": "333dd938-a91f-8e42-8c48-5bd1c0b1bb08"
        },
        "port": 0,
        "db_settings": {
          "$type": "SparkDbSettings",
          "data_store": {
            "hive_external_table": false
          },
          "data_store_type": "NONE",
          "use_buckets": false,
          "number_of_buckets": 0,
          "format": "ORC",
          "authentication_type": "USERNAME",
          "ssl_configuration": {
            "use_ssl": false,
            "allow_self_signed_certs": false
          },
          "is_glue_metadata": false
        },
        "multibyte_character_multiplier": 1,
        "apply_ddl_changes": true,
        "max_table_cols_single_read": 100,
        "uuid": "66ca6dc5-a428-4f85-8cf0-83abd003ce33",
        "use_long_object_names": false,
        "use_zoo_keeper": false,
        "zoo_keeper_namespace": "hiveserver2",
        "cache_only_the_discovered_tables": true,
        "full_connection_string": {
          "enabled": false
        },
        "id": 13,
        "name": "rosie_land_2",
        "version": 637145048690910000,
        "metadata": {
          "creation_time": 637044800465490000,
          "modification_time": 637145048690910000,
          "tags": [],
          "caller_role": "NONE"
        }
      },
      "tags": [],
      "software_version": 5
    },
    {
      "id": 14,
      "path": "/",
      "name": "rosie_land_2_Landing",
      "type": "Database",
      "creation_time": 0,
      "modification_time": 0,
      "inner_item": {
        "$type": "DatabaseDto",
        "usage": "SOURCE",
        "dbms": "Apache Spark",
        "server_name": "compose-hdp-1.qa.int",
        "user_name": "hadoop",
        "included_schemas": "rosie_landing_2",
        "templateDatabaseType": "HADOOPSPARK",
        "dma_schema": "rosie_landing_2",
        "original_sourcedb_id": 13,
        "has_source_definition": true,
        "display_name": "Apache Spark",
        "port": 10500,
        "db_settings": {
          "$type": "SparkDbSettings",
          "data_store": {
            "$type": "DataStoreHdfs",
            "root_location_path": "/tmp/rosie2/storage",
            "hive_external_table": false
          },
          "data_store_type": "HDFS",
          "use_buckets": false,
          "number_of_buckets": 0,
          "format": "PARQUET",
          "authentication_type": "USERNAME",
          "ssl_configuration": {
            "use_ssl": false,
            "allow_self_signed_certs": false
          },
          "is_glue_metadata": false
        },
        "multibyte_character_multiplier": 1,
        "apply_ddl_changes": true,
        "max_table_cols_single_read": 100,
        "original_sourcedb_name": "rosie_land_2",
        "uuid": "66ca6dc5-a428-4f85-8cf0-83abd003ce33",
        "use_long_object_names": false,
        "use_zoo_keeper": false,
        "zoo_keeper_namespace": "hiveserver2",
        "cache_only_the_discovered_tables": true,
        "id": 14,
        "name": "rosie_land_2_Landing",
        "version": 637165881068290000,
        "metadata": {
          "creation_time": 637044800465720000,
          "modification_time": 637165881068290000,
          "tags": [],
          "caller_role": "NONE"
        }
      },
      "tags": [],
      "software_version": 5
    },
    {
      "id": 85,
      "path": "/",
      "name": "VersionControl",
      "type": "VersionControl",
      "creation_time": 0,
      "modification_time": 0,
      "inner_item": {
        "$type": "VersionControlDto",
        "type": "Git",
        "use_remote_server": true,
        "remote_url": "https://github.com/rosiebarsky1/C4DL_spark1.git",
        "user_name": "RosieBarsky1",
        "password": "",
        "name": "VersionControl",
        "version": 637171894351200000,
        "metadata": {
          "creation_time": 637171894351200000,
          "modification_time": 637171894351200000,
          "tags": [],
          "caller_role": "NONE"
        }
      },
      "tags": [],
      "software_version": 1
    },
    {
      "id": 17,
      "path": "/",
      "name": "categoryid",
      "type": "DomainAttribute",
      "creation_time": 0,
      "modification_time": 0,
      "inner_item": {
        "$type": "DomainAttributeDto",
        "type": "Integer",
        "length": 0,
        "scale": 0,
        "time_model_entity_id": 0,
        "is_reference_entity": false,
        "save_history": false,
        "id": 17,
        "name": "categoryid",
        "version": 637171152619990000,
        "metadata": {
          "creation_time": 637171152619990000,
          "modification_time": 637171152619990000,
          "tags": [],
          "caller_role": "NONE"
        }
      },
      "tags": [],
      "software_version": 2
    },
    {
      "id": 18,
      "path": "/",
      "name": "categoryname",
      "type": "DomainAttribute",
      "creation_time": 0,
      "modification_time": 0,
      "inner_item": {
        "$type": "DomainAttributeDto",
        "type": "Varchar",
        "length": 15,
        "scale": 0,
        "time_model_entity_id": 0,
        "is_reference_entity": false,
        "save_history": false,
        "id": 18,
        "name": "categoryname",
        "version": 637171152620000000,
        "metadata": {
          "creation_time": 637171152620000000,
          "modification_time": 637171152620000000,
          "tags": [],
          "caller_role": "NONE"
        }
      },
      "tags": [],
      "software_version": 2
    },
    {
      "id": 19,
      "path": "/",
      "name": "mycat",
      "type": "DomainAttribute",
      "creation_time": 0,
      "modification_time": 0,
      "inner_item": {
        "$type": "DomainAttributeDto",
        "type": "Varchar",
        "length": 50,
        "scale": 0,
        "time_model_entity_id": 0,
        "is_reference_entity": false,
        "save_history": false,
        "id": 19,
        "name": "mycat",
        "version": 637171152620010000,
        "metadata": {
          "creation_time": 637171152620010000,
          "modification_time": 637171152620010000,
          "tags": [],
          "caller_role": "NONE"
        }
      },
      "tags": [],
      "software_version": 2
    },
    {
      "id": 21,
      "path": "/",
      "name": "customerid",
      "type": "DomainAttribute",
      "creation_time": 0,
      "modification_time": 0,
      "inner_item": {
        "$type": "DomainAttributeDto",
        "type": "Varchar",
        "length": 5,
        "scale": 0,
        "time_model_entity_id": 0,
        "is_reference_entity": false,
        "save_history": false,
        "id": 21,
        "name": "customerid",
        "version": 637171152626320000,
        "metadata": {
          "creation_time": 637171152626320000,
          "modification_time": 637171152626320000,
          "tags": [],
          "caller_role": "NONE"
        }
      },
      "tags": [],
      "software_version": 2
    },
    {
      "id": 22,
      "path": "/",
      "name": "companyname",
      "type": "DomainAttribute",
      "creation_time": 0,
      "modification_time": 0,
      "inner_item": {
        "$type": "DomainAttributeDto",
        "type": "Varchar",
        "length": 40,
        "scale": 0,
        "time_model_entity_id": 0,
        "is_reference_entity": false,
        "save_history": false,
        "id": 22,
        "name": "companyname",
        "version": 637171152626330000,
        "metadata": {
          "creation_time": 637171152626330000,
          "modification_time": 637171152626330000,
          "tags": [],
          "caller_role": "NONE"
        }
      },
      "tags": [],
      "software_version": 2
    },
    {
      "id": 23,
      "path": "/",
      "name": "contactname",
      "type": "DomainAttribute",
      "creation_time": 0,
      "modification_time": 0,
      "inner_item": {
        "$type": "DomainAttributeDto",
        "type": "Varchar",
        "length": 30,
        "scale": 0,
        "time_model_entity_id": 0,
        "is_reference_entity": false,
        "save_history": false,
        "id": 23,
        "name": "contactname",
        "version": 637171152626350000,
        "metadata": {
          "creation_time": 637171152626350000,
          "modification_time": 637171152626350000,
          "tags": [],
          "caller_role": "NONE"
        }
      },
      "tags": [],
      "software_version": 2
    },
    {
      "id": 24,
      "path": "/",
      "name": "contacttitle",
      "type": "DomainAttribute",
      "creation_time": 0,
      "modification_time": 0,
      "inner_item": {
        "$type": "DomainAttributeDto",
        "type": "Varchar",
        "length": 30,
        "scale": 0,
        "time_model_entity_id": 0,
        "is_reference_entity": false,
        "save_history": false,
        "id": 24,
        "name": "contacttitle",
        "version": 637171152626350000,
        "metadata": {
          "creation_time": 637171152626350000,
          "modification_time": 637171152626350000,
          "tags": [],
          "caller_role": "NONE"
        }
      },
      "tags": [],
      "software_version": 2
    },
    {
      "id": 25,
      "path": "/",
      "name": "address",
      "type": "DomainAttribute",
      "creation_time": 0,
      "modification_time": 0,
      "inner_item": {
        "$type": "DomainAttributeDto",
        "type": "Varchar",
        "length": 60,
        "scale": 0,
        "time_model_entity_id": 0,
        "is_reference_entity": false,
        "save_history": false,
        "id": 25,
        "name": "address",
        "version": 637171152626360000,
        "metadata": {
          "creation_time": 637171152626360000,
          "modification_time": 637171152626360000,
          "tags": [],
          "caller_role": "NONE"
        }
      },
      "tags": [],
      "software_version": 2
    },
    {
      "id": 26,
      "path": "/",
      "name": "city",
      "type": "DomainAttribute",
      "creation_time": 0,
      "modification_time": 0,
      "inner_item": {
        "$type": "DomainAttributeDto",
        "type": "Varchar",
        "length": 15,
        "scale": 0,
        "time_model_entity_id": 0,
        "is_reference_entity": false,
        "save_history": false,
        "id": 26,
        "name": "city",
        "version": 637171152626370000,
        "metadata": {
          "creation_time": 637171152626370000,
          "modification_time": 637171152626370000,
          "tags": [],
          "caller_role": "NONE"
        }
      },
      "tags": [],
      "software_version": 2
    },
    {
      "id": 27,
      "path": "/",
      "name": "region",
      "type": "DomainAttribute",
      "creation_time": 0,
      "modification_time": 0,
      "inner_item": {
        "$type": "DomainAttributeDto",
        "type": "Varchar",
        "length": 15,
        "scale": 0,
        "time_model_entity_id": 0,
        "is_reference_entity": false,
        "save_history": false,
        "id": 27,
        "name": "region",
        "version": 637171152626380000,
        "metadata": {
          "creation_time": 637171152626380000,
          "modification_time": 637171152626380000,
          "tags": [],
          "caller_role": "NONE"
        }
      },
      "tags": [],
      "software_version": 2
    },
    {
      "id": 28,
      "path": "/",
      "name": "postalcode",
      "type": "DomainAttribute",
      "creation_time": 0,
      "modification_time": 0,
      "inner_item": {
        "$type": "DomainAttributeDto",
        "type": "Varchar",
        "length": 10,
        "scale": 0,
        "time_model_entity_id": 0,
        "is_reference_entity": false,
        "save_history": false,
        "id": 28,
        "name": "postalcode",
        "version": 637171152626380000,
        "metadata": {
          "creation_time": 637171152626380000,
          "modification_time": 637171152626380000,
          "tags": [],
          "caller_role": "NONE"
        }
      },
      "tags": [],
      "software_version": 2
    },
    {
      "id": 29,
      "path": "/",
      "name": "country",
      "type": "DomainAttribute",
      "creation_time": 0,
      "modification_time": 0,
      "inner_item": {
        "$type": "DomainAttributeDto",
        "type": "Varchar",
        "length": 15,
        "scale": 0,
        "time_model_entity_id": 0,
        "is_reference_entity": false,
        "save_history": false,
        "id": 29,
        "name": "country",
        "version": 637171152626390000,
        "metadata": {
          "creation_time": 637171152626390000,
          "modification_time": 637171152626390000,
          "tags": [],
          "caller_role": "NONE"
        }
      },
      "tags": [],
      "software_version": 2
    },
    {
      "id": 30,
      "path": "/",
      "name": "phone",
      "type": "DomainAttribute",
      "creation_time": 0,
      "modification_time": 0,
      "inner_item": {
        "$type": "DomainAttributeDto",
        "type": "Varchar",
        "length": 24,
        "scale": 0,
        "time_model_entity_id": 0,
        "is_reference_entity": false,
        "save_history": false,
        "id": 30,
        "name": "phone",
        "version": 637171152626400000,
        "metadata": {
          "creation_time": 637171152626400000,
          "modification_time": 637171152626400000,
          "tags": [],
          "caller_role": "NONE"
        }
      },
      "tags": [],
      "software_version": 2
    },
    {
      "id": 31,
      "path": "/",
      "name": "fax",
      "type": "DomainAttribute",
      "creation_time": 0,
      "modification_time": 0,
      "inner_item": {
        "$type": "DomainAttributeDto",
        "type": "Varchar",
        "length": 24,
        "scale": 0,
        "time_model_entity_id": 0,
        "is_reference_entity": false,
        "save_history": false,
        "id": 31,
        "name": "fax",
        "version": 637171152626410000,
        "metadata": {
          "creation_time": 637171152626410000,
          "modification_time": 637171152626410000,
          "tags": [],
          "caller_role": "NONE"
        }
      },
      "tags": [],
      "software_version": 2
    },
    {
      "id": 32,
      "path": "/",
      "name": "my_decimal_25_6",
      "type": "DomainAttribute",
      "creation_time": 0,
      "modification_time": 0,
      "inner_item": {
        "$type": "DomainAttributeDto",
        "type": "Decimal",
        "length": 25,
        "scale": 6,
        "time_model_entity_id": 0,
        "is_reference_entity": false,
        "save_history": false,
        "id": 32,
        "name": "my_decimal_25_6",
        "version": 637171152626410000,
        "metadata": {
          "creation_time": 637171152626410000,
          "modification_time": 637171152626410000,
          "tags": [],
          "caller_role": "NONE"
        }
      },
      "tags": [],
      "software_version": 2
    },
    {
      "id": 33,
      "path": "/",
      "name": "my_int",
      "type": "DomainAttribute",
      "creation_time": 0,
      "modification_time": 0,
      "inner_item": {
        "$type": "DomainAttributeDto",
        "type": "Integer",
        "length": 0,
        "scale": 0,
        "time_model_entity_id": 0,
        "is_reference_entity": false,
        "save_history": false,
        "id": 33,
        "name": "my_int",
        "version": 637171152626420000,
        "metadata": {
          "creation_time": 637171152626420000,
          "modification_time": 637171152626420000,
          "tags": [],
          "caller_role": "NONE"
        }
      },
      "tags": [],
      "software_version": 2
    },
    {
      "id": 35,
      "path": "/",
      "name": "employeeid",
      "type": "DomainAttribute",
      "creation_time": 0,
      "modification_time": 0,
      "inner_item": {
        "$type": "DomainAttributeDto",
        "type": "Integer",
        "length": 0,
        "scale": 0,
        "time_model_entity_id": 0,
        "is_reference_entity": false,
        "save_history": false,
        "id": 35,
        "name": "employeeid",
        "version": 637171152634640000,
        "metadata": {
          "creation_time": 637171152634640000,
          "modification_time": 637171152634640000,
          "tags": [],
          "caller_role": "NONE"
        }
      },
      "tags": [],
      "software_version": 2
    },
    {
      "id": 36,
      "path": "/",
      "name": "lastname",
      "type": "DomainAttribute",
      "creation_time": 0,
      "modification_time": 0,
      "inner_item": {
        "$type": "DomainAttributeDto",
        "type": "Varchar",
        "length": 20,
        "scale": 0,
        "time_model_entity_id": 0,
        "is_reference_entity": false,
        "save_history": false,
        "id": 36,
        "name": "lastname",
        "version": 637171152634660000,
        "metadata": {
          "creation_time": 637171152634660000,
          "modification_time": 637171152634660000,
          "tags": [],
          "caller_role": "NONE"
        }
      },
      "tags": [],
      "software_version": 2
    },
    {
      "id": 37,
      "path": "/",
      "name": "firstname",
      "type": "DomainAttribute",
      "creation_time": 0,
      "modification_time": 0,
      "inner_item": {
        "$type": "DomainAttributeDto",
        "type": "Varchar",
        "length": 10,
        "scale": 0,
        "time_model_entity_id": 0,
        "is_reference_entity": false,
        "save_history": false,
        "id": 37,
        "name": "firstname",
        "version": 637171152634900000,
        "metadata": {
          "creation_time": 637171152634900000,
          "modification_time": 637171152634900000,
          "tags": [],
          "caller_role": "NONE"
        }
      },
      "tags": [],
      "software_version": 2
    },
    {
      "id": 38,
      "path": "/",
      "name": "title",
      "type": "DomainAttribute",
      "creation_time": 0,
      "modification_time": 0,
      "inner_item": {
        "$type": "DomainAttributeDto",
        "type": "Varchar",
        "length": 30,
        "scale": 0,
        "time_model_entity_id": 0,
        "is_reference_entity": false,
        "save_history": false,
        "id": 38,
        "name": "title",
        "version": 637171152634900000,
        "metadata": {
          "creation_time": 637171152634900000,
          "modification_time": 637171152634900000,
          "tags": [],
          "caller_role": "NONE"
        }
      },
      "tags": [],
      "software_version": 2
    },
    {
      "id": 39,
      "path": "/",
      "name": "titleofcourtesy",
      "type": "DomainAttribute",
      "creation_time": 0,
      "modification_time": 0,
      "inner_item": {
        "$type": "DomainAttributeDto",
        "type": "Varchar",
        "length": 25,
        "scale": 0,
        "time_model_entity_id": 0,
        "is_reference_entity": false,
        "save_history": false,
        "id": 39,
        "name": "titleofcourtesy",
        "version": 637171152634910000,
        "metadata": {
          "creation_time": 637171152634910000,
          "modification_time": 637171152634910000,
          "tags": [],
          "caller_role": "NONE"
        }
      },
      "tags": [],
      "software_version": 2
    },
    {
      "id": 40,
      "path": "/",
      "name": "birthdate",
      "type": "DomainAttribute",
      "creation_time": 0,
      "modification_time": 0,
      "inner_item": {
        "$type": "DomainAttributeDto",
        "type": "DateTime",
        "length": 29,
        "scale": 9,
        "time_model_entity_id": 0,
        "is_reference_entity": false,
        "save_history": false,
        "id": 40,
        "name": "birthdate",
        "version": 637171152634920000,
        "metadata": {
          "creation_time": 637171152634920000,
          "modification_time": 637171152634920000,
          "tags": [],
          "caller_role": "NONE"
        }
      },
      "tags": [],
      "software_version": 2
    },
    {
      "id": 41,
      "path": "/",
      "name": "hiredate",
      "type": "DomainAttribute",
      "creation_time": 0,
      "modification_time": 0,
      "inner_item": {
        "$type": "DomainAttributeDto",
        "type": "DateTime",
        "length": 29,
        "scale": 9,
        "time_model_entity_id": 0,
        "is_reference_entity": false,
        "save_history": false,
        "id": 41,
        "name": "hiredate",
        "version": 637171152634930000,
        "metadata": {
          "creation_time": 637171152634930000,
          "modification_time": 637171152634930000,
          "tags": [],
          "caller_role": "NONE"
        }
      },
      "tags": [],
      "software_version": 2
    },
    {
      "id": 42,
      "path": "/",
      "name": "homephone",
      "type": "DomainAttribute",
      "creation_time": 0,
      "modification_time": 0,
      "inner_item": {
        "$type": "DomainAttributeDto",
        "type": "Varchar",
        "length": 24,
        "scale": 0,
        "time_model_entity_id": 0,
        "is_reference_entity": false,
        "save_history": false,
        "id": 42,
        "name": "homephone",
        "version": 637171152634940000,
        "metadata": {
          "creation_time": 637171152634940000,
          "modification_time": 637171152634940000,
          "tags": [],
          "caller_role": "NONE"
        }
      },
      "tags": [],
      "software_version": 2
    },
    {
      "id": 43,
      "path": "/",
      "name": "extension",
      "type": "DomainAttribute",
      "creation_time": 0,
      "modification_time": 0,
      "inner_item": {
        "$type": "DomainAttributeDto",
        "type": "Varchar",
        "length": 4,
        "scale": 0,
        "time_model_entity_id": 0,
        "is_reference_entity": false,
        "save_history": false,
        "id": 43,
        "name": "extension",
        "version": 637171152634960000,
        "metadata": {
          "creation_time": 637171152634960000,
          "modification_time": 637171152634960000,
          "tags": [],
          "caller_role": "NONE"
        }
      },
      "tags": [],
      "software_version": 2
    },
    {
      "id": 44,
      "path": "/",
      "name": "reportsto",
      "type": "DomainAttribute",
      "creation_time": 0,
      "modification_time": 0,
      "inner_item": {
        "$type": "DomainAttributeDto",
        "type": "Integer",
        "length": 0,
        "scale": 0,
        "time_model_entity_id": 0,
        "is_reference_entity": false,
        "save_history": false,
        "id": 44,
        "name": "reportsto",
        "version": 637171152635200000,
        "metadata": {
          "creation_time": 637171152635200000,
          "modification_time": 637171152635200000,
          "tags": [],
          "caller_role": "NONE"
        }
      },
      "tags": [],
      "software_version": 2
    },
    {
      "id": 45,
      "path": "/",
      "name": "photopath",
      "type": "DomainAttribute",
      "creation_time": 0,
      "modification_time": 0,
      "inner_item": {
        "$type": "DomainAttributeDto",
        "type": "Varchar",
        "length": 255,
        "scale": 0,
        "time_model_entity_id": 0,
        "is_reference_entity": false,
        "save_history": false,
        "id": 45,
        "name": "photopath",
        "version": 637171152635210000,
        "metadata": {
          "creation_time": 637171152635210000,
          "modification_time": 637171152635210000,
          "tags": [],
          "caller_role": "NONE"
        }
      },
      "tags": [],
      "software_version": 2
    },
    {
      "id": 46,
      "path": "/",
      "name": "col_1",
      "type": "DomainAttribute",
      "creation_time": 0,
      "modification_time": 0,
      "inner_item": {
        "$type": "DomainAttributeDto",
        "type": "Integer",
        "length": 0,
        "scale": 0,
        "time_model_entity_id": 0,
        "is_reference_entity": false,
        "save_history": false,
        "id": 46,
        "name": "col_1",
        "version": 637171152635220000,
        "metadata": {
          "creation_time": 637171152635220000,
          "modification_time": 637171152635220000,
          "tags": [],
          "caller_role": "NONE"
        }
      },
      "tags": [],
      "software_version": 2
    },
    {
      "id": 16,
      "path": "/",
      "name": "categories",
      "type": "Entity",
      "creation_time": 0,
      "modification_time": 0,
      "inner_item": {
        "$type": "EntityDto",
        "time_model_entity_id": 0,
        "is_reference_entity": false,
        "save_history": true,
        "uuid": "5806f32d-132b-41b5-a267-bc0eb00e8b2c",
        "id": 16,
        "name": "categories",
        "version": 637171152619970000,
        "metadata": {
          "creation_time": 637171152619970000,
          "modification_time": 637171152619970000,
          "tags": [],
          "caller_role": "NONE"
        }
      },
      "tags": [],
      "software_version": 2
    },
    {
      "id": 20,
      "path": "/",
      "name": "customers",
      "type": "Entity",
      "creation_time": 0,
      "modification_time": 0,
      "inner_item": {
        "$type": "EntityDto",
        "time_model_entity_id": 0,
        "is_reference_entity": false,
        "save_history": true,
        "uuid": "df32f00e-2a11-42d9-ae89-581668a918cb",
        "id": 20,
        "name": "customers",
        "version": 637171152626310000,
        "metadata": {
          "creation_time": 637171152626310000,
          "modification_time": 637171152626310000,
          "tags": [],
          "caller_role": "NONE"
        }
      },
      "tags": [],
      "software_version": 2
    },
    {
      "id": 34,
      "path": "/",
      "name": "employees",
      "type": "Entity",
      "creation_time": 0,
      "modification_time": 0,
      "inner_item": {
        "$type": "EntityDto",
        "time_model_entity_id": 0,
        "is_reference_entity": false,
        "save_history": true,
        "uuid": "8e1ef36e-4a84-48ff-b41e-fc78e9f68664",
        "id": 34,
        "name": "employees",
        "version": 637171152634630000,
        "metadata": {
          "creation_time": 637171152634630000,
          "modification_time": 637171152634630000,
          "tags": [],
          "caller_role": "NONE"
        }
      },
      "tags": [],
      "software_version": 2
    },
    {
      "id": 84,
      "path": "/",
      "name": "Default Change Processing Workflow",
      "type": "FlowDto",
      "creation_time": 0,
      "modification_time": 0,
      "inner_item": {
        "$type": "FlowDto",
        "flow_type": "SIMPLE",
        "lane_sets": [],
        "flow_nodes": {
          "start": {
            "$type": "StartNode",
            "incoming": [],
            "outgoing": [
              {
                "directive": {
                  "target_node_id": "rosie_land_2",
                  "target_port_id": "inport"
                },
                "id": "outport"
              }
            ],
            "display_name": "START",
            "id": "start"
          },
          "end": {
            "$type": "EndNode",
            "error_policy": {
              "termination_mode": "STOP_AFTER_RUNNING_ACTIVITIES"
            },
            "incoming": [
              {
                "id": "inport_1"
              }
            ],
            "outgoing": [],
            "display_name": "END",
            "id": "end"
          },
          "rosie_land_2": {
            "$type": "ExecutionActivity",
            "executor_input": {
              "$type": "EtlCommandExecutionData",
              "project_name": "spark_hdp-1",
              "etl_id": 80,
              "apply_schema_evolution": true,
              "id": 0,
              "name": "rosie_land_2",
              "version": 0
            },
            "timeout_sec": 300,
            "incoming": [
              {
                "id": "inport"
              }
            ],
            "outgoing": [
              {
                "directive": {
                  "target_node_id": "end",
                  "target_port_id": "inport_1"
                },
                "id": "outport"
              }
            ],
            "display_name": "rosie_land_2",
            "id": "rosie_land_2"
          }
        },
        "resumable": true,
        "max_instances": 1,
        "is_template": true,
        "name": "Default Change Processing Workflow",
        "version": 637171180485100000,
        "metadata": {
          "creation_time": 637171180465940000,
          "modification_time": 637171180485100000,
          "tags": [],
          "caller_role": "NONE"
        }
      },
      "tags": [],
      "software_version": 1
    },
    {
      "id": 2,
      "path": "/",
      "name": "spark_hdp-1",
      "type": "ExecutionServiceDto",
      "creation_time": 0,
      "modification_time": 0,
      "inner_item": {
        "$type": "ExecutionServiceDto",
        "max_runtime_instances_to_keep": 1000,
        "name": "spark_hdp-1",
        "version": 637170946932320000,
        "metadata": {
          "creation_time": 636987797606750000,
          "modification_time": 637170946932320000,
          "tags": [],
          "caller_role": "NONE"
        }
      },
      "tags": [],
      "software_version": 1
    },
    {
      "id": 47,
      "path": "/",
      "name": "690ba94a-1cf3-4dd4-9ff0-3a22af2519ea",
      "type": "TableColumn",
      "creation_time": 0,
      "modification_time": 0,
      "inner_item": {
        "$type": "TableColumnDto",
        "poe": 16,
        "pbe": 17,
        "prefix": "",
        "is_primary": true,
        "history_type": "N",
        "block": 0,
        "ordinal": 100,
        "time_model_role_id": 0,
        "id": 47,
        "name": "690ba94a-1cf3-4dd4-9ff0-3a22af2519ea",
        "version": 637171152635220000,
        "metadata": {
          "creation_time": 637171152635220000,
          "modification_time": 637171152635220000,
          "tags": [],
          "caller_role": "NONE"
        }
      },
      "tags": [],
      "software_version": 1
    },
    {
      "id": 48,
      "path": "/",
      "name": "aa017c23-a289-4ee1-893b-b8f614b90736",
      "type": "TableColumn",
      "creation_time": 0,
      "modification_time": 0,
      "inner_item": {
        "$type": "TableColumnDto",
        "poe": 20,
        "pbe": 21,
        "prefix": "",
        "is_primary": true,
        "history_type": "N",
        "block": 0,
        "ordinal": 100,
        "time_model_role_id": 0,
        "id": 48,
        "name": "aa017c23-a289-4ee1-893b-b8f614b90736",
        "version": 637171152635240000,
        "metadata": {
          "creation_time": 637171152635240000,
          "modification_time": 637171152635240000,
          "tags": [],
          "caller_role": "NONE"
        }
      },
      "tags": [],
      "software_version": 1
    },
    {
      "id": 49,
      "path": "/",
      "name": "b43e8adf-c5d5-44ed-8506-86a2468830bb",
      "type": "TableColumn",
      "creation_time": 0,
      "modification_time": 0,
      "inner_item": {
        "$type": "TableColumnDto",
        "poe": 34,
        "pbe": 35,
        "prefix": "",
        "is_primary": true,
        "history_type": "N",
        "block": 0,
        "ordinal": 100,
        "time_model_role_id": 0,
        "id": 49,
        "name": "b43e8adf-c5d5-44ed-8506-86a2468830bb",
        "version": 637171152635250000,
        "metadata": {
          "creation_time": 637171152635250000,
          "modification_time": 637171152635250000,
          "tags": [],
          "caller_role": "NONE"
        }
      },
      "tags": [],
      "software_version": 1
    },
    {
      "id": 50,
      "path": "/",
      "name": "59599ee7-a9c3-4469-9caa-f2393d56fe6c",
      "type": "TableColumn",
      "creation_time": 0,
      "modification_time": 0,
      "inner_item": {
        "$type": "TableColumnDto",
        "poe": 16,
        "pbe": 18,
        "prefix": "",
        "is_primary": false,
        "history_type": "N",
        "block": 0,
        "ordinal": 200,
        "time_model_role_id": 0,
        "id": 50,
        "name": "59599ee7-a9c3-4469-9caa-f2393d56fe6c",
        "version": 637171152635390000,
        "metadata": {
          "creation_time": 637171152635390000,
          "modification_time": 637171152635390000,
          "tags": [],
          "caller_role": "NONE"
        }
      },
      "tags": [],
      "software_version": 1
    },
    {
      "id": 51,
      "path": "/",
      "name": "8263d160-4cc1-4272-a3c5-acd9764baaae",
      "type": "TableColumn",
      "creation_time": 0,
      "modification_time": 0,
      "inner_item": {
        "$type": "TableColumnDto",
        "poe": 16,
        "pbe": 19,
        "prefix": "",
        "is_primary": false,
        "history_type": "N",
        "block": 0,
        "ordinal": 300,
        "time_model_role_id": 0,
        "id": 51,
        "name": "8263d160-4cc1-4272-a3c5-acd9764baaae",
        "version": 637171152635390000,
        "metadata": {
          "creation_time": 637171152635390000,
          "modification_time": 637171152635390000,
          "tags": [],
          "caller_role": "NONE"
        }
      },
      "tags": [],
      "software_version": 1
    },
    {
      "id": 52,
      "path": "/",
      "name": "805beb87-fd44-4df4-8bd4-2118bc356fa6",
      "type": "TableColumn",
      "creation_time": 0,
      "modification_time": 0,
      "inner_item": {
        "$type": "TableColumnDto",
        "poe": 20,
        "pbe": 22,
        "prefix": "",
        "is_primary": false,
        "history_type": "N",
        "block": 0,
        "ordinal": 200,
        "time_model_role_id": 0,
        "id": 52,
        "name": "805beb87-fd44-4df4-8bd4-2118bc356fa6",
        "version": 637171152635390000,
        "metadata": {
          "creation_time": 637171152635390000,
          "modification_time": 637171152635390000,
          "tags": [],
          "caller_role": "NONE"
        }
      },
      "tags": [],
      "software_version": 1
    },
    {
      "id": 53,
      "path": "/",
      "name": "861f8e4e-cae7-4f1b-8cfd-0b7f7815d520",
      "type": "TableColumn",
      "creation_time": 0,
      "modification_time": 0,
      "inner_item": {
        "$type": "TableColumnDto",
        "poe": 20,
        "pbe": 23,
        "prefix": "",
        "is_primary": false,
        "history_type": "N",
        "block": 0,
        "ordinal": 300,
        "time_model_role_id": 0,
        "id": 53,
        "name": "861f8e4e-cae7-4f1b-8cfd-0b7f7815d520",
        "version": 637171152635390000,
        "metadata": {
          "creation_time": 637171152635390000,
          "modification_time": 637171152635390000,
          "tags": [],
          "caller_role": "NONE"
        }
      },
      "tags": [],
      "software_version": 1
    },
    {
      "id": 54,
      "path": "/",
      "name": "adc0ea5e-c9c8-4774-b135-0ca642dbce48",
      "type": "TableColumn",
      "creation_time": 0,
      "modification_time": 0,
      "inner_item": {
        "$type": "TableColumnDto",
        "poe": 20,
        "pbe": 24,
        "prefix": "",
        "is_primary": false,
        "history_type": "N",
        "block": 0,
        "ordinal": 400,
        "time_model_role_id": 0,
        "id": 54,
        "name": "adc0ea5e-c9c8-4774-b135-0ca642dbce48",
        "version": 637171152635390000,
        "metadata": {
          "creation_time": 637171152635390000,
          "modification_time": 637171152635390000,
          "tags": [],
          "caller_role": "NONE"
        }
      },
      "tags": [],
      "software_version": 1
    },
    {
      "id": 55,
      "path": "/",
      "name": "9c5f973e-0d66-45ba-909d-873248488ca3",
      "type": "TableColumn",
      "creation_time": 0,
      "modification_time": 0,
      "inner_item": {
        "$type": "TableColumnDto",
        "poe": 20,
        "pbe": 25,
        "prefix": "",
        "is_primary": false,
        "history_type": "N",
        "block": 0,
        "ordinal": 500,
        "time_model_role_id": 0,
        "id": 55,
        "name": "9c5f973e-0d66-45ba-909d-873248488ca3",
        "version": 637171152635390000,
        "metadata": {
          "creation_time": 637171152635390000,
          "modification_time": 637171152635390000,
          "tags": [],
          "caller_role": "NONE"
        }
      },
      "tags": [],
      "software_version": 1
    },
    {
      "id": 56,
      "path": "/",
      "name": "bd915c16-ff75-4260-b6e3-8a43ecfe3bc6",
      "type": "TableColumn",
      "creation_time": 0,
      "modification_time": 0,
      "inner_item": {
        "$type": "TableColumnDto",
        "poe": 20,
        "pbe": 26,
        "prefix": "",
        "is_primary": false,
        "history_type": "N",
        "block": 0,
        "ordinal": 600,
        "time_model_role_id": 0,
        "id": 56,
        "name": "bd915c16-ff75-4260-b6e3-8a43ecfe3bc6",
        "version": 637171152635390000,
        "metadata": {
          "creation_time": 637171152635390000,
          "modification_time": 637171152635390000,
          "tags": [],
          "caller_role": "NONE"
        }
      },
      "tags": [],
      "software_version": 1
    },
    {
      "id": 57,
      "path": "/",
      "name": "5bbadf7b-01ec-47b5-a71c-66cbfab96006",
      "type": "TableColumn",
      "creation_time": 0,
      "modification_time": 0,
      "inner_item": {
        "$type": "TableColumnDto",
        "poe": 20,
        "pbe": 27,
        "prefix": "",
        "is_primary": false,
        "history_type": "N",
        "block": 0,
        "ordinal": 700,
        "time_model_role_id": 0,
        "id": 57,
        "name": "5bbadf7b-01ec-47b5-a71c-66cbfab96006",
        "version": 637171152635390000,
        "metadata": {
          "creation_time": 637171152635390000,
          "modification_time": 637171152635390000,
          "tags": [],
          "caller_role": "NONE"
        }
      },
      "tags": [],
      "software_version": 1
    },
    {
      "id": 58,
      "path": "/",
      "name": "7b025c46-266d-4c3e-96e0-c9ab78867f51",
      "type": "TableColumn",
      "creation_time": 0,
      "modification_time": 0,
      "inner_item": {
        "$type": "TableColumnDto",
        "poe": 20,
        "pbe": 28,
        "prefix": "",
        "is_primary": false,
        "history_type": "N",
        "block": 0,
        "ordinal": 800,
        "time_model_role_id": 0,
        "id": 58,
        "name": "7b025c46-266d-4c3e-96e0-c9ab78867f51",
        "version": 637171152635390000,
        "metadata": {
          "creation_time": 637171152635390000,
          "modification_time": 637171152635390000,
          "tags": [],
          "caller_role": "NONE"
        }
      },
      "tags": [],
      "software_version": 1
    },
    {
      "id": 59,
      "path": "/",
      "name": "64a2f1fe-028a-4e6f-bd3f-5dbdf9c38242",
      "type": "TableColumn",
      "creation_time": 0,
      "modification_time": 0,
      "inner_item": {
        "$type": "TableColumnDto",
        "poe": 20,
        "pbe": 29,
        "prefix": "",
        "is_primary": false,
        "history_type": "N",
        "block": 0,
        "ordinal": 900,
        "time_model_role_id": 0,
        "id": 59,
        "name": "64a2f1fe-028a-4e6f-bd3f-5dbdf9c38242",
        "version": 637171152635390000,
        "metadata": {
          "creation_time": 637171152635390000,
          "modification_time": 637171152635390000,
          "tags": [],
          "caller_role": "NONE"
        }
      },
      "tags": [],
      "software_version": 1
    },
    {
      "id": 60,
      "path": "/",
      "name": "b198d21a-368c-43e4-b59c-6640280c6153",
      "type": "TableColumn",
      "creation_time": 0,
      "modification_time": 0,
      "inner_item": {
        "$type": "TableColumnDto",
        "poe": 20,
        "pbe": 30,
        "prefix": "",
        "is_primary": false,
        "history_type": "N",
        "block": 0,
        "ordinal": 1000,
        "time_model_role_id": 0,
        "id": 60,
        "name": "b198d21a-368c-43e4-b59c-6640280c6153",
        "version": 637171152635390000,
        "metadata": {
          "creation_time": 637171152635390000,
          "modification_time": 637171152635390000,
          "tags": [],
          "caller_role": "NONE"
        }
      },
      "tags": [],
      "software_version": 1
    },
    {
      "id": 61,
      "path": "/",
      "name": "eedac12f-185c-4f75-8839-1ce07ca2ca54",
      "type": "TableColumn",
      "creation_time": 0,
      "modification_time": 0,
      "inner_item": {
        "$type": "TableColumnDto",
        "poe": 20,
        "pbe": 31,
        "prefix": "",
        "is_primary": false,
        "history_type": "N",
        "block": 0,
        "ordinal": 1100,
        "time_model_role_id": 0,
        "id": 61,
        "name": "eedac12f-185c-4f75-8839-1ce07ca2ca54",
        "version": 637171152635390000,
        "metadata": {
          "creation_time": 637171152635390000,
          "modification_time": 637171152635390000,
          "tags": [],
          "caller_role": "NONE"
        }
      },
      "tags": [],
      "software_version": 1
    },
    {
      "id": 62,
      "path": "/",
      "name": "3959db0f-b257-4412-905b-9bd92d8d7c43",
      "type": "TableColumn",
      "creation_time": 0,
      "modification_time": 0,
      "inner_item": {
        "$type": "TableColumnDto",
        "poe": 20,
        "pbe": 32,
        "prefix": "",
        "is_primary": false,
        "history_type": "N",
        "block": 0,
        "ordinal": 1200,
        "time_model_role_id": 0,
        "id": 62,
        "name": "3959db0f-b257-4412-905b-9bd92d8d7c43",
        "version": 637171152635390000,
        "metadata": {
          "creation_time": 637171152635390000,
          "modification_time": 637171152635390000,
          "tags": [],
          "caller_role": "NONE"
        }
      },
      "tags": [],
      "software_version": 1
    },
    {
      "id": 63,
      "path": "/",
      "name": "69b1781a-7262-4a18-b0f5-b3e7f0d06779",
      "type": "TableColumn",
      "creation_time": 0,
      "modification_time": 0,
      "inner_item": {
        "$type": "TableColumnDto",
        "poe": 20,
        "pbe": 33,
        "prefix": "",
        "is_primary": false,
        "history_type": "N",
        "block": 0,
        "ordinal": 1300,
        "time_model_role_id": 0,
        "id": 63,
        "name": "69b1781a-7262-4a18-b0f5-b3e7f0d06779",
        "version": 637171152635390000,
        "metadata": {
          "creation_time": 637171152635390000,
          "modification_time": 637171152635390000,
          "tags": [],
          "caller_role": "NONE"
        }
      },
      "tags": [],
      "software_version": 1
    },
    {
      "id": 64,
      "path": "/",
      "name": "9a57bfbd-d79d-494c-aad9-7744f78d6e54",
      "type": "TableColumn",
      "creation_time": 0,
      "modification_time": 0,
      "inner_item": {
        "$type": "TableColumnDto",
        "poe": 34,
        "pbe": 36,
        "prefix": "",
        "is_primary": false,
        "history_type": "N",
        "block": 0,
        "ordinal": 200,
        "time_model_role_id": 0,
        "id": 64,
        "name": "9a57bfbd-d79d-494c-aad9-7744f78d6e54",
        "version": 637171152635390000,
        "metadata": {
          "creation_time": 637171152635390000,
          "modification_time": 637171152635390000,
          "tags": [],
          "caller_role": "NONE"
        }
      },
      "tags": [],
      "software_version": 1
    },
    {
      "id": 65,
      "path": "/",
      "name": "9aab14c7-0ed4-47b5-a372-99fef22686c1",
      "type": "TableColumn",
      "creation_time": 0,
      "modification_time": 0,
      "inner_item": {
        "$type": "TableColumnDto",
        "poe": 34,
        "pbe": 37,
        "prefix": "",
        "is_primary": false,
        "history_type": "N",
        "block": 0,
        "ordinal": 300,
        "time_model_role_id": 0,
        "id": 65,
        "name": "9aab14c7-0ed4-47b5-a372-99fef22686c1",
        "version": 637171152635390000,
        "metadata": {
          "creation_time": 637171152635390000,
          "modification_time": 637171152635390000,
          "tags": [],
          "caller_role": "NONE"
        }
      },
      "tags": [],
      "software_version": 1
    },
    {
      "id": 66,
      "path": "/",
      "name": "7e270702-b118-49d9-9828-bec42f2c4ed8",
      "type": "TableColumn",
      "creation_time": 0,
      "modification_time": 0,
      "inner_item": {
        "$type": "TableColumnDto",
        "poe": 34,
        "pbe": 38,
        "prefix": "",
        "is_primary": false,
        "history_type": "N",
        "block": 0,
        "ordinal": 400,
        "time_model_role_id": 0,
        "id": 66,
        "name": "7e270702-b118-49d9-9828-bec42f2c4ed8",
        "version": 637171152635390000,
        "metadata": {
          "creation_time": 637171152635390000,
          "modification_time": 637171152635390000,
          "tags": [],
          "caller_role": "NONE"
        }
      },
      "tags": [],
      "software_version": 1
    },
    {
      "id": 67,
      "path": "/",
      "name": "759aa901-a305-4f27-a148-f1b829fa2dc7",
      "type": "TableColumn",
      "creation_time": 0,
      "modification_time": 0,
      "inner_item": {
        "$type": "TableColumnDto",
        "poe": 34,
        "pbe": 39,
        "prefix": "",
        "is_primary": false,
        "history_type": "N",
        "block": 0,
        "ordinal": 500,
        "time_model_role_id": 0,
        "id": 67,
        "name": "759aa901-a305-4f27-a148-f1b829fa2dc7",
        "version": 637171152635390000,
        "metadata": {
          "creation_time": 637171152635390000,
          "modification_time": 637171152635390000,
          "tags": [],
          "caller_role": "NONE"
        }
      },
      "tags": [],
      "software_version": 1
    },
    {
      "id": 68,
      "path": "/",
      "name": "ece81a96-393e-480d-ad79-33ce1da7869f",
      "type": "TableColumn",
      "creation_time": 0,
      "modification_time": 0,
      "inner_item": {
        "$type": "TableColumnDto",
        "poe": 34,
        "pbe": 40,
        "prefix": "",
        "is_primary": false,
        "history_type": "N",
        "block": 0,
        "ordinal": 600,
        "time_model_role_id": 0,
        "id": 68,
        "name": "ece81a96-393e-480d-ad79-33ce1da7869f",
        "version": 637171152635390000,
        "metadata": {
          "creation_time": 637171152635390000,
          "modification_time": 637171152635390000,
          "tags": [],
          "caller_role": "NONE"
        }
      },
      "tags": [],
      "software_version": 1
    },
    {
      "id": 69,
      "path": "/",
      "name": "13984ae9-ca8c-4c01-8382-10616ac74136",
      "type": "TableColumn",
      "creation_time": 0,
      "modification_time": 0,
      "inner_item": {
        "$type": "TableColumnDto",
        "poe": 34,
        "pbe": 41,
        "prefix": "",
        "is_primary": false,
        "history_type": "N",
        "block": 0,
        "ordinal": 700,
        "time_model_role_id": 0,
        "id": 69,
        "name": "13984ae9-ca8c-4c01-8382-10616ac74136",
        "version": 637171152635390000,
        "metadata": {
          "creation_time": 637171152635390000,
          "modification_time": 637171152635390000,
          "tags": [],
          "caller_role": "NONE"
        }
      },
      "tags": [],
      "software_version": 1
    },
    {
      "id": 70,
      "path": "/",
      "name": "5aa89d02-0f22-4dab-a322-77c6aac415c1",
      "type": "TableColumn",
      "creation_time": 0,
      "modification_time": 0,
      "inner_item": {
        "$type": "TableColumnDto",
        "poe": 34,
        "pbe": 25,
        "prefix": "",
        "is_primary": false,
        "history_type": "N",
        "block": 0,
        "ordinal": 800,
        "time_model_role_id": 0,
        "id": 70,
        "name": "5aa89d02-0f22-4dab-a322-77c6aac415c1",
        "version": 637171152635390000,
        "metadata": {
          "creation_time": 637171152635390000,
          "modification_time": 637171152635390000,
          "tags": [],
          "caller_role": "NONE"
        }
      },
      "tags": [],
      "software_version": 1
    },
    {
      "id": 71,
      "path": "/",
      "name": "029f090b-5ca1-4584-8fd1-f1a158be2246",
      "type": "TableColumn",
      "creation_time": 0,
      "modification_time": 0,
      "inner_item": {
        "$type": "TableColumnDto",
        "poe": 34,
        "pbe": 26,
        "prefix": "",
        "is_primary": false,
        "history_type": "N",
        "block": 0,
        "ordinal": 900,
        "time_model_role_id": 0,
        "id": 71,
        "name": "029f090b-5ca1-4584-8fd1-f1a158be2246",
        "version": 637171152635390000,
        "metadata": {
          "creation_time": 637171152635390000,
          "modification_time": 637171152635390000,
          "tags": [],
          "caller_role": "NONE"
        }
      },
      "tags": [],
      "software_version": 1
    },
    {
      "id": 72,
      "path": "/",
      "name": "d4942cdc-b8c2-4eea-b926-cb7b6ef78992",
      "type": "TableColumn",
      "creation_time": 0,
      "modification_time": 0,
      "inner_item": {
        "$type": "TableColumnDto",
        "poe": 34,
        "pbe": 27,
        "prefix": "",
        "is_primary": false,
        "history_type": "N",
        "block": 0,
        "ordinal": 1000,
        "time_model_role_id": 0,
        "id": 72,
        "name": "d4942cdc-b8c2-4eea-b926-cb7b6ef78992",
        "version": 637171152635390000,
        "metadata": {
          "creation_time": 637171152635390000,
          "modification_time": 637171152635390000,
          "tags": [],
          "caller_role": "NONE"
        }
      },
      "tags": [],
      "software_version": 1
    },
    {
      "id": 73,
      "path": "/",
      "name": "bac18d50-09b9-42c9-a492-b74c05c973c3",
      "type": "TableColumn",
      "creation_time": 0,
      "modification_time": 0,
      "inner_item": {
        "$type": "TableColumnDto",
        "poe": 34,
        "pbe": 28,
        "prefix": "",
        "is_primary": false,
        "history_type": "N",
        "block": 0,
        "ordinal": 1100,
        "time_model_role_id": 0,
        "id": 73,
        "name": "bac18d50-09b9-42c9-a492-b74c05c973c3",
        "version": 637171152635390000,
        "metadata": {
          "creation_time": 637171152635390000,
          "modification_time": 637171152635390000,
          "tags": [],
          "caller_role": "NONE"
        }
      },
      "tags": [],
      "software_version": 1
    },
    {
      "id": 74,
      "path": "/",
      "name": "a1f14c7d-13b0-4cd6-b9f8-8aed7fd46fe2",
      "type": "TableColumn",
      "creation_time": 0,
      "modification_time": 0,
      "inner_item": {
        "$type": "TableColumnDto",
        "poe": 34,
        "pbe": 29,
        "prefix": "",
        "is_primary": false,
        "history_type": "N",
        "block": 0,
        "ordinal": 1200,
        "time_model_role_id": 0,
        "id": 74,
        "name": "a1f14c7d-13b0-4cd6-b9f8-8aed7fd46fe2",
        "version": 637171152635390000,
        "metadata": {
          "creation_time": 637171152635390000,
          "modification_time": 637171152635390000,
          "tags": [],
          "caller_role": "NONE"
        }
      },
      "tags": [],
      "software_version": 1
    },
    {
      "id": 75,
      "path": "/",
      "name": "a3a82986-d93b-4fa9-a373-cc138c39fd3d",
      "type": "TableColumn",
      "creation_time": 0,
      "modification_time": 0,
      "inner_item": {
        "$type": "TableColumnDto",
        "poe": 34,
        "pbe": 42,
        "prefix": "",
        "is_primary": false,
        "history_type": "N",
        "block": 0,
        "ordinal": 1300,
        "time_model_role_id": 0,
        "id": 75,
        "name": "a3a82986-d93b-4fa9-a373-cc138c39fd3d",
        "version": 637171152635390000,
        "metadata": {
          "creation_time": 637171152635390000,
          "modification_time": 637171152635390000,
          "tags": [],
          "caller_role": "NONE"
        }
      },
      "tags": [],
      "software_version": 1
    },
    {
      "id": 76,
      "path": "/",
      "name": "7c2c99d6-e19c-4c26-8444-db94c202fc07",
      "type": "TableColumn",
      "creation_time": 0,
      "modification_time": 0,
      "inner_item": {
        "$type": "TableColumnDto",
        "poe": 34,
        "pbe": 43,
        "prefix": "",
        "is_primary": false,
        "history_type": "N",
        "block": 0,
        "ordinal": 1400,
        "time_model_role_id": 0,
        "id": 76,
        "name": "7c2c99d6-e19c-4c26-8444-db94c202fc07",
        "version": 637171152635390000,
        "metadata": {
          "creation_time": 637171152635390000,
          "modification_time": 637171152635390000,
          "tags": [],
          "caller_role": "NONE"
        }
      },
      "tags": [],
      "software_version": 1
    },
    {
      "id": 77,
      "path": "/",
      "name": "92bf38e3-6e05-4ac2-8fdd-4a0d1d6714a4",
      "type": "TableColumn",
      "creation_time": 0,
      "modification_time": 0,
      "inner_item": {
        "$type": "TableColumnDto",
        "poe": 34,
        "pbe": 44,
        "prefix": "",
        "is_primary": false,
        "history_type": "N",
        "block": 0,
        "ordinal": 1500,
        "time_model_role_id": 0,
        "id": 77,
        "name": "92bf38e3-6e05-4ac2-8fdd-4a0d1d6714a4",
        "version": 637171152635390000,
        "metadata": {
          "creation_time": 637171152635390000,
          "modification_time": 637171152635390000,
          "tags": [],
          "caller_role": "NONE"
        }
      },
      "tags": [],
      "software_version": 1
    },
    {
      "id": 78,
      "path": "/",
      "name": "16b5f34a-c365-46c7-b175-5ae5a6f539df",
      "type": "TableColumn",
      "creation_time": 0,
      "modification_time": 0,
      "inner_item": {
        "$type": "TableColumnDto",
        "poe": 34,
        "pbe": 45,
        "prefix": "",
        "is_primary": false,
        "history_type": "N",
        "block": 0,
        "ordinal": 1600,
        "time_model_role_id": 0,
        "id": 78,
        "name": "16b5f34a-c365-46c7-b175-5ae5a6f539df",
        "version": 637171152635390000,
        "metadata": {
          "creation_time": 637171152635390000,
          "modification_time": 637171152635390000,
          "tags": [],
          "caller_role": "NONE"
        }
      },
      "tags": [],
      "software_version": 1
    },
    {
      "id": 79,
      "path": "/",
      "name": "12fe3204-7e81-4327-9e3c-9900df676c98",
      "type": "TableColumn",
      "creation_time": 0,
      "modification_time": 0,
      "inner_item": {
        "$type": "TableColumnDto",
        "poe": 34,
        "pbe": 46,
        "prefix": "",
        "is_primary": false,
        "history_type": "N",
        "block": 0,
        "ordinal": 1700,
        "time_model_role_id": 0,
        "id": 79,
        "name": "12fe3204-7e81-4327-9e3c-9900df676c98",
        "version": 637171152635390000,
        "metadata": {
          "creation_time": 637171152635390000,
          "modification_time": 637171152635390000,
          "tags": [],
          "caller_role": "NONE"
        }
      },
      "tags": [],
      "software_version": 1
    },
    {
      "id": 81,
      "path": "/",
      "name": "Map_categories_rosie_land_2",
      "type": "Mapping",
      "creation_time": 0,
      "modification_time": 0,
      "inner_item": {
        "$type": "MappingDto",
        "entity_id": 16,
        "is_active_mapping_pi": false,
        "schema": "rosie_landing_2",
        "database_id": 14,
        "table_name": "categories",
        "mapping_type": "TABLE",
        "is_aggregated": false,
        "mapping_fields": [
          {
            "mapping_type": "DIRECT",
            "source_col_name": "head__deleteddd",
            "staging_col_name_int": "head__deleteddd"
          },
          {
            "mapping_type": "DIRECT",
            "source_col_name": "categoryid",
            "staging_col_name_int": "COLID_47_17"
          },
          {
            "mapping_type": "DIRECT",
            "source_col_name": "categoryname",
            "staging_col_name_int": "COLID_50_18"
          },
          {
            "mapping_type": "DIRECT",
            "source_col_name": "mycat",
            "staging_col_name_int": "COLID_51_19"
          }
        ],
        "mapping_query": "",
        "data_quality_rules": [
          {
            "action": "REJECT_AND_REPORT",
            "type": "EXPRESSION",
            "name": "Business Keys cannot be NULL",
            "enabled": false,
            "order": 0,
            "is_internal": true
          }
        ],
        "cleansing_rules": [],
        "null_behaviour": "USE_ETL_SETTING",
        "id": 81,
        "name": "Map_categories_rosie_land_2",
        "version": 637171152635980000,
        "metadata": {
          "creation_time": 637171152635660000,
          "modification_time": 637171152635980000,
          "tags": [],
          "caller_role": "NONE"
        }
      },
      "tags": [],
      "software_version": 2
    },
    {
      "id": 82,
      "path": "/",
      "name": "Map_customers_rosie_land_2",
      "type": "Mapping",
      "creation_time": 0,
      "modification_time": 0,
      "inner_item": {
        "$type": "MappingDto",
        "entity_id": 20,
        "is_active_mapping_pi": false,
        "schema": "rosie_landing_2",
        "database_id": 14,
        "table_name": "customers",
        "mapping_type": "TABLE",
        "is_aggregated": false,
        "mapping_fields": [
          {
            "mapping_type": "DIRECT",
            "source_col_name": "head__deleteddd",
            "staging_col_name_int": "head__deleteddd"
          },
          {
            "mapping_type": "DIRECT",
            "source_col_name": "customerid",
            "staging_col_name_int": "COLID_48_21"
          },
          {
            "mapping_type": "DIRECT",
            "source_col_name": "companyname",
            "staging_col_name_int": "COLID_52_22"
          },
          {
            "mapping_type": "DIRECT",
            "source_col_name": "contactname",
            "staging_col_name_int": "COLID_53_23"
          },
          {
            "mapping_type": "DIRECT",
            "source_col_name": "contacttitle",
            "staging_col_name_int": "COLID_54_24"
          },
          {
            "mapping_type": "DIRECT",
            "source_col_name": "address",
            "staging_col_name_int": "COLID_55_25"
          },
          {
            "mapping_type": "DIRECT",
            "source_col_name": "city",
            "staging_col_name_int": "COLID_56_26"
          },
          {
            "mapping_type": "DIRECT",
            "source_col_name": "region",
            "staging_col_name_int": "COLID_57_27"
          },
          {
            "mapping_type": "DIRECT",
            "source_col_name": "postalcode",
            "staging_col_name_int": "COLID_58_28"
          },
          {
            "mapping_type": "DIRECT",
            "source_col_name": "country",
            "staging_col_name_int": "COLID_59_29"
          },
          {
            "mapping_type": "DIRECT",
            "source_col_name": "phone",
            "staging_col_name_int": "COLID_60_30"
          },
          {
            "mapping_type": "DIRECT",
            "source_col_name": "fax",
            "staging_col_name_int": "COLID_61_31"
          },
          {
            "mapping_type": "DIRECT",
            "source_col_name": "my_decimal_25_6",
            "staging_col_name_int": "COLID_62_32"
          },
          {
            "mapping_type": "DIRECT",
            "source_col_name": "my_int",
            "staging_col_name_int": "COLID_63_33"
          }
        ],
        "mapping_query": "",
        "data_quality_rules": [
          {
            "action": "REJECT_AND_REPORT",
            "type": "EXPRESSION",
            "name": "Business Keys cannot be NULL",
            "enabled": false,
            "order": 0,
            "is_internal": true
          }
        ],
        "cleansing_rules": [],
        "null_behaviour": "USE_ETL_SETTING",
        "id": 82,
        "name": "Map_customers_rosie_land_2",
        "version": 637171152636040000,
        "metadata": {
          "creation_time": 637171152636010000,
          "modification_time": 637171152636040000,
          "tags": [],
          "caller_role": "NONE"
        }
      },
      "tags": [],
      "software_version": 2
    },
    {
      "id": 83,
      "path": "/",
      "name": "Map_employees_rosie_land_2",
      "type": "Mapping",
      "creation_time": 0,
      "modification_time": 0,
      "inner_item": {
        "$type": "MappingDto",
        "entity_id": 34,
        "is_active_mapping_pi": false,
        "schema": "rosie_landing_2",
        "database_id": 14,
        "table_name": "employees",
        "mapping_type": "TABLE",
        "is_aggregated": false,
        "mapping_fields": [
          {
            "mapping_type": "DIRECT",
            "source_col_name": "head__deleteddd",
            "staging_col_name_int": "head__deleteddd"
          },
          {
            "mapping_type": "DIRECT",
            "source_col_name": "employeeid",
            "staging_col_name_int": "COLID_49_35"
          },
          {
            "mapping_type": "DIRECT",
            "source_col_name": "lastname",
            "staging_col_name_int": "COLID_64_36"
          },
          {
            "mapping_type": "DIRECT",
            "source_col_name": "firstname",
            "staging_col_name_int": "COLID_65_37"
          },
          {
            "mapping_type": "DIRECT",
            "source_col_name": "title",
            "staging_col_name_int": "COLID_66_38"
          },
          {
            "mapping_type": "DIRECT",
            "source_col_name": "titleofcourtesy",
            "staging_col_name_int": "COLID_67_39"
          },
          {
            "mapping_type": "DIRECT",
            "source_col_name": "birthdate",
            "staging_col_name_int": "COLID_68_40"
          },
          {
            "mapping_type": "DIRECT",
            "source_col_name": "hiredate",
            "staging_col_name_int": "COLID_69_41"
          },
          {
            "mapping_type": "DIRECT",
            "source_col_name": "address",
            "staging_col_name_int": "COLID_70_25"
          },
          {
            "mapping_type": "DIRECT",
            "source_col_name": "city",
            "staging_col_name_int": "COLID_71_26"
          },
          {
            "mapping_type": "DIRECT",
            "source_col_name": "region",
            "staging_col_name_int": "COLID_72_27"
          },
          {
            "mapping_type": "DIRECT",
            "source_col_name": "postalcode",
            "staging_col_name_int": "COLID_73_28"
          },
          {
            "mapping_type": "DIRECT",
            "source_col_name": "country",
            "staging_col_name_int": "COLID_74_29"
          },
          {
            "mapping_type": "DIRECT",
            "source_col_name": "homephone",
            "staging_col_name_int": "COLID_75_42"
          },
          {
            "mapping_type": "DIRECT",
            "source_col_name": "extension",
            "staging_col_name_int": "COLID_76_43"
          },
          {
            "mapping_type": "DIRECT",
            "source_col_name": "reportsto",
            "staging_col_name_int": "COLID_77_44"
          },
          {
            "mapping_type": "DIRECT",
            "source_col_name": "photopath",
            "staging_col_name_int": "COLID_78_45"
          },
          {
            "mapping_type": "DIRECT",
            "source_col_name": "col_1",
            "staging_col_name_int": "COLID_79_46"
          }
        ],
        "mapping_query": "",
        "data_quality_rules": [
          {
            "action": "REJECT_AND_REPORT",
            "type": "EXPRESSION",
            "name": "Business Keys cannot be NULL",
            "enabled": false,
            "order": 0,
            "is_internal": true
          }
        ],
        "cleansing_rules": [],
        "null_behaviour": "USE_ETL_SETTING",
        "id": 83,
        "name": "Map_employees_rosie_land_2",
        "version": 637171152636220000,
        "metadata": {
          "creation_time": 637171152636160000,
          "modification_time": 637171152636220000,
          "tags": [],
          "caller_role": "NONE"
        }
      },
      "tags": [],
      "software_version": 2
    },
    {
      "id": 15,
      "path": "/",
      "name": "Compactor",
      "type": "ETLInfo",
      "creation_time": 0,
      "modification_time": 0,
      "inner_item": {
        "$type": "ETLInfoDto",
        "data": {
          "seqr_processing": false,
          "FULLREBUILD": false,
          "SELOFRUNS": 0,
          "EMPTYRUNNRSTABLE": true,
          "INSERTRUNNRSTABLE": true,
          "MAXCDC_COLUMNS": 10,
          "SPLITRELSANDATTS": false,
          "STOPAFTERSTAGING": false,
          "PARAM_RUNNR": "1",
          "Using_Max_partitions_for_CDC": false,
          "Max_partitions_for_CDC": 0,
          "dm_cohorts": [],
          "engine_settings": {
            "thread_connection_settings": {
              "thread_pool_size": 10,
              "thread_pool_max": 18,
              "thread_queue_max": 10000,
              "thread_timeout": 3000
            },
            "database_connection_settings": {
              "db_pool_size": 200,
              "db_reap_interval": 30000,
              "db_lease_timeout": 60000,
              "print_db_leases": false
            },
            "engine_logging_settings": {
              "log_level": "DETAILED_DEBUG",
              "log_file": "$project-path$\\$task-name$\\$task-name$_Log.log",
              "log_file_timestamp": true,
              "log_console": true,
              "log_stack_trace": false,
              "log_jdbc_driver_output": false,
              "log_mapping_fields": false,
              "log_mapping_values": false,
              "log_sync_provider_output": false,
              "log_prep_statmt_bindings": false,
              "log_dbms_leasing": false,
              "log_table_contents": false,
              "log_sql_monitor_output": false,
              "log_param_substitution": false,
              "log_mop_ids": false,
              "log_java_env": false,
              "log_mopping_state": false,
              "log_table_cache_rows": 20,
              "print_final_log": false,
              "print_dbms_info": false,
              "create_missing_tables": false
            },
            "mopping_thread_settings": {
              "mop_direct_write": false,
              "mop_thread_pool_size": 18,
              "mop_thread_pool_max": 18,
              "mop_thread_queue_max": 2500,
              "mop_thread_timeout": 3000,
              "mop_write_queue_max": 100,
              "mop_no_id_ledelins": true,
              "mop_without_write": false
            },
            "general_settings": {
              "java_mem": "-Xms1024M -Xmx4096M",
              "stt_date": "NOW",
              "up_ddate": "NOW",
              "tgt_os": "MSWL",
              "tgt_sh": "cmd",
              "validate_data_types": false,
              "validate_only": false,
              "fetch_size": 1000,
              "batch_max_rows": 20,
              "nr_of_committed_rows": 10000,
              "parameter_worm": true,
              "instruction_delay": false,
              "memory_reaper": false,
              "ORACLE_DATADIRECT": false,
              "ORACLE_TNSNAMES": "",
              "SQLSERVER_DATADIRECT": false,
              "SQLSERVER_DRIVER_1_1": true,
              "JTDS": false,
              "DB2_DATADIRECT": false,
              "encrypted_password": true,
              "change_processing_by_query": false
            },
            "advanced_settings": {
              "retain_stg_tables": false,
              "retain_imt_tables": false,
              "imt_tables_volatile": false,
              "write_etl_cmnds_to_db": false
            },
            "spark_settings": {
              "properties": {}
            }
          },
          "workflow_position": 1,
          "dwh_full_load": false,
          "dm_enable_table_logging": false,
          "allow_updating_to_null": false,
          "from_date_unmapped_value": "LOWEST",
          "CDC__delay": 0
        },
        "active_mappings": [],
        "entity_action": [],
        "etl_type": "Compactor",
        "active_custom_etls": [],
        "uuid": "7c7b90ac-3bb5-4e15-96c3-10904fabed42",
        "task_Stage": "Compactor",
        "id": 15,
        "name": "Compactor",
        "version": 637171150374870000,
        "metadata": {
          "creation_time": 637171105835730000,
          "modification_time": 637171150374870000,
          "tags": [],
          "caller_role": "NONE"
        }
      },
      "tags": [],
      "software_version": 2
    },
    {
      "id": 80,
      "path": "/",
      "name": "rosie_land_2",
      "type": "ETLInfo",
      "creation_time": 0,
      "modification_time": 0,
      "inner_item": {
        "$type": "ETLInfoDto",
        "data": {
          "seqr_processing": false,
          "FULLREBUILD": false,
          "SELOFRUNS": 0,
          "EMPTYRUNNRSTABLE": true,
          "INSERTRUNNRSTABLE": true,
          "MAXCDC_COLUMNS": 10,
          "SPLITRELSANDATTS": false,
          "STOPAFTERSTAGING": false,
          "PARAM_RUNNR": "1",
          "Using_Max_partitions_for_CDC": false,
          "Max_partitions_for_CDC": 0,
          "dm_cohorts": [],
          "engine_settings": {
            "thread_connection_settings": {
              "thread_pool_size": 10,
              "thread_pool_max": 18,
              "thread_queue_max": 10000,
              "thread_timeout": 3000
            },
            "database_connection_settings": {
              "db_pool_size": 200,
              "db_reap_interval": 30000,
              "db_lease_timeout": 60000,
              "print_db_leases": false
            },
            "engine_logging_settings": {
              "log_level": "INFO",
              "log_file": "$project-path$\\$task-name$\\$task-name$_Log.log",
              "log_file_timestamp": true,
              "log_console": true,
              "log_stack_trace": false,
              "log_jdbc_driver_output": false,
              "log_mapping_fields": false,
              "log_mapping_values": false,
              "log_sync_provider_output": false,
              "log_prep_statmt_bindings": false,
              "log_dbms_leasing": false,
              "log_table_contents": false,
              "log_sql_monitor_output": false,
              "log_param_substitution": false,
              "log_mop_ids": false,
              "log_java_env": false,
              "log_mopping_state": false,
              "log_table_cache_rows": 20,
              "print_final_log": false,
              "print_dbms_info": false,
              "create_missing_tables": false
            },
            "mopping_thread_settings": {
              "mop_direct_write": false,
              "mop_thread_pool_size": 18,
              "mop_thread_pool_max": 18,
              "mop_thread_queue_max": 2500,
              "mop_thread_timeout": 3000,
              "mop_write_queue_max": 100,
              "mop_no_id_ledelins": true,
              "mop_without_write": false
            },
            "general_settings": {
              "java_mem": "-Xms1024M -Xmx4096M",
              "stt_date": "NOW",
              "up_ddate": "NOW",
              "tgt_os": "MSWL",
              "tgt_sh": "cmd",
              "validate_data_types": false,
              "validate_only": false,
              "fetch_size": 1000,
              "batch_max_rows": 20,
              "nr_of_committed_rows": 10000,
              "parameter_worm": true,
              "instruction_delay": false,
              "memory_reaper": false,
              "ORACLE_DATADIRECT": false,
              "ORACLE_TNSNAMES": "",
              "SQLSERVER_DATADIRECT": false,
              "SQLSERVER_DRIVER_1_1": true,
              "JTDS": false,
              "DB2_DATADIRECT": false,
              "encrypted_password": true,
              "change_processing_by_query": false
            },
            "advanced_settings": {
              "retain_stg_tables": false,
              "retain_imt_tables": false,
              "imt_tables_volatile": false,
              "write_etl_cmnds_to_db": false
            },
            "spark_settings": {
              "properties": {}
            }
          },
          "workflow_position": 1,
          "dwh_full_load": false,
          "dm_enable_table_logging": false,
          "allow_updating_to_null": false,
          "from_date_unmapped_value": "LOWEST",
          "CDC__delay": 0
        },
        "active_mappings": [
          81,
          82,
          83
        ],
        "entity_action": [
          {
            "handle_duplicates": true,
            "ext_load": false,
            "entity_id": 16
          },
          {
            "handle_duplicates": true,
            "ext_load": false,
            "entity_id": 20
          },
          {
            "handle_duplicates": true,
            "ext_load": false,
            "entity_id": 34
          }
        ],
        "etl_type": "Storage_FL_CDC",
        "active_custom_etls": [],
        "uuid": "8c492136-c219-4937-8f55-75a55034e48b",
        "task_Stage": "DataWarehouse_CDC",
        "id": 80,
        "name": "rosie_land_2",
        "version": 637171180465720000,
        "metadata": {
          "creation_time": 637171152635600000,
          "modification_time": 637171180465720000,
          "tags": [],
          "caller_role": "NONE"
        }
      },
      "tags": [],
      "software_version": 2
    }
  ]
}